5;Sicko;110;2007;documentaire;Le cineaste Michael Moore jette un regard critique sur le systeme de sante americain;Non;5
6;Bowling for Columbine;100;2002;documentaire;Michael Moore enquete sur la violence provoquee par les armes a feu aux Etats-Unis. Son point de depart est la tragedie du lycee Columbine dans le Colorado en 1999. Des dizaines de lyceens avaient alors ete assassines par deux de leurs camarades.;Non;5
7;Le Decameron;107;1971;psychologique;Un film compos de huit sketches adaptes des fameux contes paillards de Boccace.;Non;4
8;Le Seigneur des anneaux;140;2001;fantastique;Prenant place dans le monde fictionnel de la Terre du Milieu, il suit la quete du hobbit Frodon Sacquet (Frodo Bessac), qui doit detruire lAnneau unique afin que celui-ci ne tombe pas entre les mains de Sauron, le Seigneur des tenebres, qui a cree.;Non;5
10;Le Grand Bleu;183;1988;aventure;Chef doeuvre intergenerationnel signe Luc Besson sur une musique envoutante dEric Serra, Le Grand Bleu raconte lhistoire de deux hommes definitivement lies a la mer, Jacques Mayol et Enzo Molinari, plongeurs en apnee, mais aussi une magnifique histoire damour avec Johana qui represente la terre.;Non;4
11;Star Wars I;135;1999;fantastique;Lhistoire de Star Wars, se deroule dans une galaxie qui est le theatre daffrontements entre les Chevaliers Jedi et les Seigneurs Sith, personnes antagonistes sensibles a la Force, un champ energetique mysterieux leur procurant des pouvoirs psychiques.;Non;5
12;La vie des autres;137;2006;psychologique;Le film La Vie des autres evoque une page sombre de lhistoire allemande, celle du controle politique et ideologique exerce par les autorites de lancienne RDA sur sa propre population sans aucun respect des droits humains pendant pratiquement toute la duree du regime.;Non;5
13;Ran;155;1985;historique;Dans le Japon du XVIe siecle, le seigneur Hidetora Ichimonji decide de se retirer et de partager son domaine entre ses trois fils, Taro, Jiro et Saburo. Mais la repartition de cet heritage va dechirer la famille.;Non;5
14;Le sourire de mona lisa;114;2004;psychologique;LE SOURIRE DE MONA LISA evoque non-seulement la liberalisation des moeurs mais egalement celle des femmes et de leur place dans la societe.;Non;4
16;Matador;107;1988;psychologique;Diego Montes, un celebre torero, doit prendre une retraite prematuree apres une blessure mal soignee. Maria Cardenal, avocate en criminologie, aime tuer ses amants lors de leurs ebats amoureux. Diego cree une ecole de tauromachie, car pour lui  arreter de tuer, cest arreter de vivre .;Non;5
17;Oceans twelve;125;2004;aventure;a sa sortie de prison dans le New Jersey, Daniel  Danny  Ocean sapprete a monter un coup qui semble impossible a realiser  cambrioler la reserve dargent des trois plus gros casinos de Las Vegas le Bellagio, le Mirage et le MGM Grand Las Vegas;Non;5
18;Oceans 13;122;2002;policier;Douce vengeance sous le ciel de Las Vegas. Danny Ocean et sa bande ne pouvaient avoir quun seul motif pour tenter leur braquage le plus audiacieux a ce jour sauver un des leurs. Mais la chance ne suffit pas toujours lorsque lon veut faire sauter The Bank.;Non;5
19;Good night, good luck;115;2005;aventure;Dans les annees 50, Edward R. Murrow, le presentateur du journal televise americain de CBS de lepoque, et le producteur Fred Friendly ont contribue a la chute du senateur Joseph McCarthy, a lorigine de la chasse aux communistes.;Non;5
20;Orgueils et Prejuges;122;2005;psychologique;La campagne anglaise a la fin du XVIIIe siecle. Mrs. Bennet et son mari sont ravis dapprendre quun jeune homme fortune  et celibataire  vient de sinstaller dans le manoir voisin. Desargentes, les Bennet se font fort de marier lune de leurs cinq filles au nouvel arrivant... Ce dernier ne tarde pas a seprendre de la belle Jane, lainee de la famille, lors dun bal de campagne.;Non;5
21;Rockn Roll;123;2016;autre;Guillaume Canet, comedien de 43 ans, se remet en question le jour ou, sur un plateau de tournage, sa jeune partenaire a lecran lui dit quil nest plus un objet de desir pour les femmes de la jeune generation.;Non;4
22;Deux jours, une nuit;95;2013;autre;Une mere de famille que lon menace de licenciee, doit mener un combat impossible contre lesprit avide dargent de ses collegues, et ainsi, tenter de les convaincre que son avenir de mere vaut plus quune simple prime.;Non;4
23;Nikita;117;1989;autre;Le film raconte les aventures de Nikita, le surnom dune jeune femme francaise toxicomane qui fait partie dune bande de jeunes voyous sans scrupules. etant en manque, Nikita demande au chef de sa bande, son copain Rico, de lui procurer de la drogue.;Non;4
25;Scream VI;122;2023;autre;Les survivants des derniers meurtres de Ghostface, les soeurs Samantha et Tara Carpenter et les jumeaux Chad et Mindy Meeks, quittent Woodsboro et entament un nouveau chapitre de leur vie a New York. Ils y sont a nouveau victimes dune serie de meurtres commis par un nouveau tueur Ghostface.;Oui;6
