1;Moore;Mickael;23/04/1954;USA
2;Pasolini;Paolo;05/03/1922;Italie
3;Bush;Georges;12/06/1924;USA
4;Arbenz;Jacobo;14/09/1913;Guatemala
5;Pinochet;Augusto;25/11/1915;Chili
6;Clinton;Bill;19/08/1946;USA
7;Jackson;Peter;31/10/1961;Nouvelle-Zelande
8;Wood;Elijah;28/01/1981;USA
9;Astin;Sean;25/02/1971;USA
10;Mac Kellen;Ian;25/05/1939;Angleterre
11;Ventura;Lino;14/07/1919;Italie
12;Kurosawa;Akira;23/03/1910;Japon
13;Nakadai;Tatsuya;01/01/1932;Japon
14;Roberts;Julia;28/10/1967;USA
15;Dunst;Kirsten;20/04/1982;USA
16;Besson;Luc;18/03/1959;France
17;Reno;Jean;30/07/1948;France
18;Portman;Natalie;09/06/1981;Israel
19;Knightley;Keira;26/03/1985;Angleterre
20;Lucas;Georges;14/05/1944;USA
21;Henckel von Donnersmark;Florian;02/05/1973;Allemagne
22;Clonney;Georges;06/05/1961;USA
23;Soderbergh;Steven;14/01/1963;USA
24;Almodovar;Pedro;25/09/1949;Espagne
25;Canet;Guillaume;10/04/1973;France
26;Cotillard;Marion;30/09/1975;France
27;Lloyd;Jake;05/03/1989;USA
28;Dardenne;Jean-Pierre;21/04/1951;Belgique
29;Dardenne;Luc;10/03/1954;Belgique
30;Ortega;Jenna;27/09/2002;USA
31;Knighthley;Keira;26/03/1985;Angleterre
